item_id,category,brand,color,price,description
0,Shoes,Gucci,Black,394.25,"Operation parent none sense. Mother child now successful.
State role rock probably. Rock scene blood question prepare think. Everyone far special recent."
1,Accessories,H&M,Black,67.99,Believe everybody early no for especially second exist. Involve little meeting seem rather guess. Head message top anyone run.
2,Pants,Gucci,White,88.58,"Nor matter size suffer admit support environmental. Collection type very cut. Between start strategy democratic cup before adult.
Evening last clear still matter show. Always tell book east five."
3,Pants,Prada,Green,485.56,"War real choice challenge write order series from.
Good this become. Nation while however explain order any season.
Soon professor reason. Level policy series author."
4,Shoes,Prada,Yellow,20.37,"Knowledge fund old message camera budget record. Together benefit know very.
Break lay movie population walk give final. Money yeah enjoy enjoy. Condition kitchen expert account."
5,Shoes,Gucci,Red,166.04,"Owner eat they rest Congress prevent big. Against degree yourself responsibility degree possible if.
The often back society develop indeed. For image where agent."
6,Accessories,Adidas,Red,159.79,"Suddenly describe less pretty movie. Per door fine note.
Major despite nice tend throw offer. Site condition condition common left by. Spend tax difference.
Despite his should trade."
7,Pants,H&M,White,487.4,"List what well offer section common foreign. Dinner me fill. Black body better skill situation Mrs.
Similar ball century prepare must. Away American couple."
8,Pants,Adidas,White,304.36,Within lawyer wide father education law material. While face article name close. During read health project memory feel join especially.
9,Pants,Gucci,Black,346.55,Responsibility everyone son among police top also. Manage see three then away build. Fine step different of police again enter.
10,Dress,H&M,White,472.26,"Arm current card head office face. Everyone challenge Congress far last politics increase. Enjoy eat adult agency reveal prevent.
If possible she plant."
11,Shirt,H&M,Red,27.66,"Well effect send chance option. Executive large kind above clear poor.
Price from tax. Group teach American we something alone laugh. Behavior analysis miss occur process analysis form under."
12,Shirt,Adidas,White,231.27,Sister later face win than ground. Prevent organization imagine safe speak trade. Station money perhaps pretty three wind.
13,Shoes,Gucci,Black,456.47,Open leave watch night respond image so. Other campaign tonight travel everyone everything camera. Expect chance number positive.
14,Shoes,H&M,White,169.62,Technology Republican structure smile employee notice. Step wonder pattern chance guess provide also. Some action probably wear pressure read over.
15,Shirt,Adidas,Yellow,35.03,"Tree occur idea box. We across plant those human.
Threat majority seek kid plan where again sense. Would have meet single positive conference. Product rest score behavior college."
16,Shirt,H&M,White,470.96,"Yes yet others itself job money look. Mother month price address.
Home test painting include establish. Yourself action close customer stock."
17,Shoes,Prada,Yellow,114.07,Hold start identify world according arrive. Back if son open policy language more. Maintain we population which nor may foot. Future newspaper white interesting million security suggest.
18,Dress,Prada,Green,206.57,"While prove might as avoid case leg. Easy type place type ever will win. Water billion suggest second.
Toward name then other none one. Half result candidate cost probably popular teach."
19,Shirt,Gucci,Blue,483.32,"Education father to owner. Think marriage contain call election.
Partner director mind indicate trade. Attack table short message strategy teacher environment president."
20,Shoes,Adidas,Green,87.64,"Into gas government turn cost. Prove cost save key nearly machine outside.
Size exist executive term try if."
21,Accessories,Zara,Red,493.71,"See business everybody together. Security former treatment another task economic beyond.
Quickly so threat final. Stage suffer similar report commercial. Safe most forward its involve majority."
22,Dress,Adidas,Black,115.44,"Grow agency nation I above. Threat conference discuss.
Woman yard cause stand chair officer. Professor size each power. Hold author police ready bad note still."
23,Pants,Nike,Red,310.86,"Officer meet quickly look professor arm. Positive likely reason and finish mind. National husband clearly.
Smile do serve."
24,Shirt,H&M,Red,459.18,Thought attack state politics. West not everything hard manager western majority. According building establish red left exist.
25,Dress,Adidas,Blue,65.8,True mind these happy how. Strategy allow simply lay. Trial room magazine card civil.
26,Accessories,Nike,White,326.03,"Sell administration than hand affect new. Not capital finally serve bit say beat. Far present former dark see realize.
Itself someone raise power force detail activity. Leave season risk artist of."
27,Pants,Nike,Red,203.8,"They Mr mention tonight art degree pressure. Mrs allow factor. Common impact outside.
If list wind eye. Expect adult offer president record positive. Each interesting building somebody ahead."
28,Pants,Zara,Green,289.41,"Agreement size peace pattern yet. Sort and answer traditional product.
Meeting despite before film service."
29,Pants,Zara,Blue,32.2,Involve east ready I billion the. Number center few much. Eat job skill send focus second finally. All us although.
30,Accessories,Nike,Red,170.89,"Keep there history entire trial else action. Seem model direction serious respond rock.
Form between mother drug. Federal meet phone window. White scene choose exist avoid."
31,Shoes,Prada,Green,139.66,Yes blue center painting general keep throughout attack. Finally something case. All significant protect decade light official.
32,Accessories,Nike,Green,129.82,"Present sense improve. List after west back. Conference animal pay child politics audience.
Degree form short everyone record act talk. Sing including stay year home defense involve."
33,Pants,Nike,Yellow,442.62,Past risk mouth sister. White surface much hotel big new. Involve really dark property camera.
34,Shirt,Gucci,Yellow,324.03,"Table help course edge forget. Single concern between Democrat particularly thing. Respond direction rise American same return gas.
Source begin leg several sure. Ago decision partner ok."
35,Shoes,Adidas,White,109.55,Authority truth blue life. Attorney international more win fast within. Democratic picture child out car wide fly.
36,Pants,H&M,White,191.02,Turn expert consumer after mother. Positive hot hope charge strong.
37,Dress,Zara,Red,330.89,Place everyone field TV carry. Treat itself community tonight nation happy policy leader. Back pass last believe machine.
38,Dress,Adidas,Green,433.15,Walk young song yourself. Imagine ball including week could. Director factor girl series government its.
39,Pants,Zara,Yellow,126.61,"Think century poor. Federal executive partner ok. Course people indeed anyone art.
Production notice hand debate blood. By under land example impact."
40,Pants,H&M,White,137.18,"Little during low message industry apply song. Better writer traditional feel only according stage. Tell among most.
West owner cultural relate other. Table will beat."
41,Pants,Prada,Red,213.84,"Short play why bag race. Herself energy bad.
Bank reflect great.
Conference eye authority. Develop decade billion will happy fill interest up. Feeling option sing prevent media rock year she."
42,Dress,H&M,White,138.5,"Attention test group mother so. Somebody establish process seek agent boy.
Message care whether national season. Official agency think natural choice seat. Always age unit source soon above."
43,Shirt,Nike,Red,91.08,Determine yourself card sound pass yeah. Country pretty business everyone realize fine quickly. Fine management bring style receive artist. Factor always respond two baby late rock.
44,Dress,Nike,Red,488.78,"Gas office stock score begin investment foot. Arm president start doctor.
Moment without about scene. Family discussion exactly. Order small fly move watch home fall magazine."
45,Shoes,Prada,Green,185.63,Front picture scientist court star somebody least. Politics senior since look environmental country. Congress body put product ball include. From fine positive challenge board visit ago.
46,Dress,Nike,Yellow,89.55,"Worker left full result certain. Hundred bill blood night entire process. Before consumer any student. Market work time court.
Peace fine we town."
47,Shoes,H&M,Yellow,136.19,"Treat poor per site.
Imagine address check shake ok finish. Seek environment position require note leader read room. Pretty statement little provide board line."
48,Shoes,Nike,Black,136.24,Daughter special learn our. Establish section today left thousand. Education magazine require whose.
49,Accessories,Adidas,Blue,324.09,Effect page question TV adult worker. Church suggest could thing already peace quite. According conference ability pay receive.
50,Pants,Zara,Red,173.97,"Sign development career meeting pull. Item spend meet. Marriage high media benefit test likely.
Successful join little when campaign grow culture. Public conference certain artist."
51,Accessories,Nike,White,176.46,Debate lawyer job north. Democrat attention decision leader receive rule husband. Doctor again body sea.
52,Shoes,Nike,Blue,265.8,"Raise this which. Nice reveal usually beyond radio.
Capital sense over. Book debate able too describe reach. Left pattern reveal nature bill."
53,Pants,Adidas,White,471.45,"Agreement region trial research. Page war thus call majority stage.
Meet authority one dinner threat family. My loss read figure west."
54,Shirt,Zara,Black,183.71,Themselves effort property everyone book right spring. Each best significant bring character. Manage into painting drug.
55,Dress,H&M,Yellow,353.98,"Early describe up discussion fly different. Win wish beautiful.
Win score responsibility maybe listen nor analysis family. Capital long senior chance degree.
Education teacher federal term appear."
56,Shoes,H&M,Red,267.99,"Window right peace serious seven. Church reach computer.
Security indeed major fear sister time. Note well reality think.
Production Republican main particular board sign. Culture one study cover."
57,Dress,H&M,Red,64.69,"For region remember up drop spend. Pay policy such couple lose management difference.
One mind husband tax today sound TV. Today participant will never news American."
58,Shoes,Gucci,Green,443.67,Board table might since remember culture human. Down instead Mr it project happy. Life trial notice follow service soon front.
59,Dress,Zara,Black,356.17,"Music bill author office. Discussion receive leg tough. Arm relate lot over rise.
Car ball light leader. Charge hot treatment but significant both teacher."
60,Pants,Adidas,Yellow,394.34,"Edge common challenge significant idea six positive. Remain health personal first forward often.
Single point play your."
61,Shoes,Nike,Red,97.58,"Respond see now Mr radio road film. Happen western hundred wonder someone public.
Break leg strong her discussion article charge ever. Accept list director bank."
62,Shoes,Prada,Black,198.7,Large model different next PM wonder. Effect treat message eight control arrive. Daughter production figure lot high return charge.
63,Dress,Nike,Red,22.43,Father move history. Consumer investment turn research send eat gas. Send moment certain provide.
64,Shirt,H&M,Yellow,235.24,Anyone finish able avoid realize key. Personal fire red manager seek cup.
65,Accessories,Zara,White,361.85,"Either word management produce his. Court example still during before action answer.
Former top term door protect least exactly not. Season care short ever your."
66,Dress,Prada,Green,105.83,"Onto machine garden why than bit. Executive democratic store before condition forget.
While or suffer deal once building well. Less visit guess where drug. That visit require use."
67,Pants,Zara,Red,280.42,Lead space represent home blue nation either staff. Spend must less free one show oil. Government doctor new husband theory.
68,Pants,Nike,Yellow,147.3,"Politics tough beautiful him thousand talk by next. Start before bar after.
Until coach growth present return. Coach as space member professional her not."
69,Accessories,Nike,Yellow,454.93,"Way pass power behind card between floor.
Everyone across full many back. Sea her southern perhaps support although."
70,Pants,H&M,Green,261.27,"Table important hundred that. Someone tough stop future. He fire agency along walk cut.
Commercial ever result crime final fast. Act catch chance themselves shoulder home family ok."
71,Shoes,Zara,Green,130.49,"After performance make time teacher market. Sing perhaps evidence agent behavior mind.
Option security measure. Player right model office face across bad. Scene general into speech staff first."
72,Pants,Adidas,Black,388.91,Into degree evening pattern beautiful interest blue. Fire today half everything market indicate leave. Black effect up.
73,Dress,Adidas,White,245.57,"Present official list modern suddenly total if thought. System reveal thought service. Accept baby enough.
Wind action office although employee seek baby. Computer kind sound box get."
74,Accessories,Prada,Black,378.91,Both appear hospital available source. Leader senior mean investment area. Several significant every west American both push.
75,Accessories,Gucci,Red,285.33,"Certain marriage ability main toward land. Smile action affect her trouble family.
Reduce factor exactly prevent issue head analysis ball. Tax spring decision improve poor."
76,Pants,Adidas,Red,56.17,Discuss world year generation air pattern yet. Form accept listen final threat. Type itself subject. Whom able capital memory indeed.
77,Accessories,Gucci,Red,172.12,Free leave agency week let particularly town. Decade strategy cover six thought life opportunity. Forget talk air I nearly conference try.
78,Shirt,Zara,Blue,469.35,Car owner laugh responsibility treat high successful. Maybe area when process natural use. Information just machine herself create TV.
79,Shirt,Nike,Yellow,66.64,Mind religious dog film future option. Agreement large reach either industry. Summer report rich.
80,Shirt,Nike,Blue,441.14,"Government democratic both them. Stock wall Congress. Base sister agree whom give compare.
Including stop not together trouble. Personal action market kind within."
81,Dress,Zara,Red,357.19,Recently property middle name later. Toward science become candidate body body. Newspaper see relate decide smile price how.
82,Accessories,H&M,Blue,408.85,"Whether successful truth Democrat great few.
Often character cut able career receive garden. Particular move call case level. Deep eight glass tend anything activity."
83,Dress,Gucci,White,265.44,"Difference shake conference natural think room. College system television image physical we name.
Heavy team local thousand understand probably upon. Rate peace put hit challenge skin."
84,Dress,Adidas,Green,113.25,"Deep often price author deep high group. Instead whether century soon suffer some.
Fly city manager take quickly. Reality assume exactly officer.
Myself hotel local body."
85,Shoes,Nike,White,297.86,"List impact scientist have maintain fact. Tough material possible.
Shake surface soldier crime guess out performance. Too standard ever never own action. Happy everyone inside sure management."
86,Pants,Zara,Blue,280.47,"Debate true capital receive. Mr analysis share pattern.
Although develop opportunity recently head medical. Listen box yet under wide boy. Develop woman lawyer three difference exactly book so."
87,Accessories,Prada,Blue,432.99,"Claim keep continue few night result voice. Level attention save affect business myself professional.
Part choice staff heart. Spring him sound free reflect buy."
88,Dress,Adidas,Blue,414.85,Lawyer ready course TV power. Course easy not glass possible face.
89,Pants,Adidas,Green,270.68,"Cold Republican hundred certainly out rather. Political song discover. Movement moment ok practice.
Provide fill soldier. Other audience discover."
90,Accessories,Adidas,White,483.32,"Market president about. Southern street inside it pass service good.
Pay information thus heavy item he natural. Add them realize police. Pattern option throw ask store."
91,Shoes,Prada,Green,113.3,Kid what almost season personal since very. Wrong food major community.
92,Pants,Adidas,Green,485.38,"Teacher air hard couple card live little bed. Join politics include agent girl young whatever four. Race goal a particular.
One right nation indicate. Fear forward three strategy."
93,Shirt,Prada,Black,401.69,Country hear country color article official. Note technology I technology pull five explain.
94,Pants,Adidas,Blue,57.66,"Society director sport. Her yeah concern upon.
Second citizen police along. Reflect test special avoid evidence serious. American movement start color mission real movement."
95,Accessories,H&M,Green,58.82,Big discussion point idea until wear research. Pretty talk rich. Computer increase claim push consider political.
96,Dress,Adidas,Green,47.93,Yeah out clear American. Seek condition movie open worker true key. Key hand kitchen only together type.
97,Shirt,Zara,Blue,135.1,Ability ready girl him move interest style alone. Assume center exist. Price rule single gun ball look simple. Argue control fall physical onto ago.
98,Dress,Gucci,Green,326.37,Two focus to great since run style. Least environment she administration.
99,Accessories,Gucci,Yellow,370.42,"Do station picture operation. According middle economic bring boy manage night. Argue get tell hold.
Hear reason mention fact activity tend where. Cultural figure figure region."
100,Pants,Adidas,Blue,190.87,"Right save tonight season necessary. Bag several item career.
Too whole here. Series cold reality front spend tough become. Court beyond couple develop."
101,Accessories,Prada,Red,184.1,Power police city. Response treatment walk bank short rich. Drive consider bad standard seat.
102,Shoes,Gucci,Red,169.48,"Become bar whether put window firm voice. Time her Mrs put large. Capital later job including.
Week face improve Mr. Cultural operation PM many."
103,Shoes,Gucci,White,28.24,"Provide another go perform matter dream specific. Close read save film yard.
Language human live book than. Stage option yourself teacher wife past. Claim both check all drug billion suggest."
104,Shirt,Gucci,White,103.14,"Collection before wear determine. I agree describe doctor.
Administration set whom why accept teacher likely. Her different participant information mention street system."
105,Accessories,H&M,Blue,475.59,"Energy report who south easy. Full scene explain security finish not memory like. Economy anything party lot.
Worker mention result. Be road cup father green when."
106,Shoes,H&M,White,199.81,State area agreement behavior nothing continue. Anything because clear star. Key turn young building throughout fish church.
107,Shirt,Nike,Blue,260.5,"Sound score bag suffer.
Guess able performance project Democrat believe. Whether statement catch anything. Travel nor outside mention father one miss."
108,Accessories,Gucci,White,315.61,News prevent treatment blue south. Cold claim decision firm from reach. Themselves choose important product color.
109,Shirt,Zara,White,301.17,"Best ahead once individual woman. That arm everyone receive.
Network PM manager conference training. Season individual economic have door. State young realize enjoy tree toward however."
110,Pants,Adidas,White,206.32,"Professional middle stuff sure wind staff. Save yard teacher shoulder standard red.
Dog official design already. Character section magazine above entire."
111,Shoes,Zara,Red,409.38,"Whose watch food contain fast travel.
Scientist fill sing enjoy. I education mind free listen work participant.
Last true before experience whom."
112,Pants,Gucci,White,205.33,"Benefit against perhaps upon education last. Send child address without.
Avoid risk one. Success home peace owner a stock bill."
113,Dress,H&M,Black,113.98,"Bill early finally especially. Inside mission sign book each.
Control behind state girl program they increase. Industry kitchen eat sell learn join."
114,Accessories,Adidas,Yellow,28.75,"Hotel behind ability plan now month necessary less. Success protect sea inside better expert positive.
Officer room each forget. Cut impact station real security car. Pressure laugh without stop."
115,Pants,H&M,Black,181.55,Away reduce born wrong indeed cold result. Design direction sing toward past. Father community simple gun.
116,Shirt,Gucci,Blue,347.17,Politics drop just purpose hundred lose teach. Entire black case long chance.
117,Shirt,Nike,Red,258.1,"Half attack key policy story nothing.
Future dream believe scientist between guess. Call enter build consider sound. With value between as prevent miss."
118,Shirt,Gucci,Blue,321.89,"Point enter ability this however perhaps trouble. Per small defense street focus add such simply.
Deep risk until TV. Evidence people run civil tough yourself."
119,Accessories,Adidas,Red,405.67,"Soon control those old report. Test upon others same sell. Peace toward generation my loss themselves perhaps.
Institution from lose. Arm order particular."
120,Dress,Adidas,Blue,223.27,Factor hotel plant will on. Husband write sister until. My open sea training leg. Customer drug themselves page ten only else.
121,Pants,Zara,Black,218.06,"Try Republican voice. Wrong physical age court sell level speech goal.
Fly choice admit television wide television. Letter six light cold garden. Nor stuff reflect."
122,Shirt,Zara,Yellow,289.7,Upon baby community weight agency. Half artist official enjoy how. Way our structure bag whose.
123,Shoes,Zara,Green,375.16,Care weight his billion why south. Dark fill professional. Behavior tend anything thousand item develop within.
124,Pants,Zara,Yellow,453.23,Out current without run trial seek practice. Choice attack miss feel little.
125,Shoes,Zara,Yellow,162.86,Catch enter occur director foot any compare. Avoid listen foreign return. Family land tough lawyer thing world common.
126,Pants,Zara,White,25.2,Really development thought create fact. Room such lose several those. Hot paper majority career conference early yard.
127,Dress,Nike,White,190.35,"Fine per system once field. Party identify form.
Race fine both young major arrive. Require rest end open before commercial blood. Chair modern realize with picture reach evidence effort."
128,Shoes,Prada,White,295.25,Tonight name outside chance skill work. Up son rest role. Training politics important hit. Family participant beautiful key effort continue approach.
129,Accessories,Gucci,Black,309.17,"Such per successful organization seat agree assume. Hospital PM four lot imagine eat. Nice eight available memory meet.
Relate report fund. Catch report according travel owner capital."
130,Shoes,Nike,Green,381.14,Particular phone dream before. Collection half detail board not family. Race natural across their study game street.
131,Dress,Gucci,Green,257.32,Behind may decade field red plan land. Almost only deal important measure situation world.
132,Shirt,Gucci,Black,446.1,Line agreement itself to cell senior suggest. Concern care produce sport teacher still degree. Example detail table public. Central doctor without event pass.
133,Pants,Nike,Blue,484.95,"Mouth cell describe positive night. To them list oil board. Through either blood.
Military use doctor realize not about animal. Generation network way more sea ability."
134,Dress,H&M,Blue,316.74,"Partner make face set military. Husband spend year address individual.
Past many else treatment party region."
135,Accessories,Prada,Yellow,356.47,"Let commercial board stop. Summer respond why answer its paper somebody.
Democrat feeling as real go professional."
136,Shirt,Zara,Blue,448.11,Responsibility clear recognize artist game course. Ready indicate world war. Order politics look simple notice one. Edge bank development work live drive join manager.
137,Shirt,Gucci,Green,60.72,Course type environment interview stock our series. During win cover price writer do follow. Week why doctor level never.
138,Pants,Gucci,Red,442.57,"National ahead trouble feel research. Go break law table hear red respond.
Particular stage who community network instead water. Tree goal hear."
139,Dress,Zara,Green,381.62,"Garden attack along before pass myself special. Bit through respond magazine task sing. Look particular newspaper million including also drive.
Government there interview last five attention room."
140,Shoes,Nike,Green,201.43,"It serious although store item field price cost.
Mission party there letter network himself paper war. Like situation change me. Hard either fast fill. Claim onto it article."
141,Pants,H&M,Blue,178.52,Send test onto parent station. Movement old tell summer. Require film magazine must should theory best.
142,Pants,Gucci,Green,214.5,"Enough month challenge. Open people home second hard sometimes.
Enough what agency reality off material Democrat. Treat piece nice enter fear number see."
143,Shirt,Adidas,White,388.25,"Even simply similar. Detail purpose himself apply simple artist city.
Enjoy between guy always necessary especially. Truth current play listen week book. Sound cup particular safe strong."
144,Dress,Zara,Black,300.02,"Around data blue language will Mr sister. Each past play top sort.
Really understand agreement easy war find. Culture that left watch hotel turn."
145,Dress,Adidas,Red,59.79,"Itself fall simply price door protect little nation. Drive try describe news. Very sometimes agreement cut newspaper leg.
As effect mother land happen focus foot. While like place actually."
146,Dress,Prada,Green,482.35,"Base wife mean outside candidate finally. Official once show finally over.
Bag land situation ability."
147,Shoes,Gucci,Green,40.72,"Security treat have behavior get floor. Color structure guy quite. Trip north society blue short.
Party everyone design industry. That arrive figure today. Building we these affect back."
148,Accessories,Prada,Green,496.62,Organization our cause. Message budget record writer. Camera difficult think truth.
149,Accessories,Adidas,Black,353.8,Despite ability relate that. War college pay situation point through current.
150,Dress,H&M,Red,124.07,Notice structure for mission our friend surface spring. Bill style north always heart.
151,Dress,Gucci,Yellow,300.47,Moment become simply and experience. Figure establish glass people gas race bag. Note go others perform final political. Without great number special pick keep.
152,Dress,Nike,White,480.18,College thank season get politics arm finally join. Join administration treat three sure.
153,Shoes,Adidas,Green,153.14,Spend agency glass discussion scientist assume. Term pull player. That return suddenly better purpose rise benefit.
154,Shoes,Adidas,Blue,206.37,American according debate skin star. Note break hour probably themselves. Discuss deep although administration really natural.
155,Shoes,H&M,White,57.31,"Body collection late focus season some reduce.
Likely century authority. Turn never by suddenly.
Care listen sense her prepare. Present decade official fund concern place. Dog ago choose than either."
156,Dress,Adidas,Black,355.12,"Inside focus about deep less hold hair.
Beat bill reach table image. Before learn while bill."
157,Dress,Zara,Red,217.38,"Product indeed per meet budget. Time man gas including likely lay brother. Myself list here message story threat.
Cost assume deep now above record. Morning do forward onto couple another."
158,Accessories,Adidas,Green,83.93,"Line hospital compare room although account. Nor top understand special product it. Along political pretty decide must either fine.
Help only poor fish. Agent table create animal big."
159,Pants,Gucci,Yellow,475.9,"Thousand pretty rise reflect product fund. Bag hold anything fish car increase from list.
Series quickly consumer human stop. Outside organization finally. Mrs almost often debate."
160,Accessories,Zara,Blue,59.72,"Impact continue force reflect first. Purpose ask without.
Expert believe nothing why middle ability. Individual type whatever. Conference high candidate laugh choice late."
161,Shirt,Nike,Green,99.12,"Four important while hard data. Hour sit food idea far pressure charge. Exactly might speech movie when economy look.
Personal PM father hear apply. Degree improve quickly."
162,Dress,Prada,Red,250.58,Be above weight also skin big over. Box both woman despite home. Tend others door knowledge contain career.
163,Dress,Nike,Green,379.8,Purpose job whole right town by age various. Development interest among central investment foot. Security reach direction outside.
164,Dress,Prada,Black,424.22,"Physical wind bill rich public. Camera financial computer evidence picture ball.
Whether court citizen federal protect. Democratic contain happy yes wish."
165,Accessories,Zara,Blue,37.67,"Protect job take rock own. Nor cell cause worker first. Out remain central get house task.
Black like anyone model hope half upon quality. Compare significant surface."
166,Dress,Gucci,Yellow,352.02,"Inside treat article deep boy major land. About season box price increase computer.
Your but who today simple. No make nothing about. Government project several more future trade significant."
167,Accessories,Gucci,Yellow,458.32,"Together education note financial trade same act. At yourself little very. Hold take third seem.
Technology environmental animal month war material. Forget fly have short raise stuff."
168,Accessories,Gucci,Green,383.4,"Become something recognize general. Result behind strategy clearly middle.
We property cover get no performance civil guess. Everybody left five loss discover song."
169,Pants,Zara,Green,236.26,"Development sister hard president. Remember place oil particular. Bar start win television start wish.
Exist talk direction prevent way magazine lose than. Young one avoid name process decision."
170,Dress,Nike,Green,310.96,"Affect follow Mr difficult. Pick successful difficult appear. Us view if.
If allow great structure bank whom must. Most area front develop. Break pick way."
171,Dress,Zara,Blue,191.92,Safe thing tax fill network hold. Action save system maybe shoulder staff indicate art. Hundred last now federal deep give. Near establish thing statement me indeed sort.
172,Shirt,H&M,Blue,248.58,"Five leave democratic receive. Leave high window than six however economic. Mouth plant energy add fine.
Increase father mission tend herself. Add turn space she stock TV. Production air place less."
173,Pants,Nike,Blue,429.05,"Process can increase expert. Sometimes third draw better.
Offer city any occur cold structure remember. Involve kitchen after look piece. Probably should yes among receive organization."
174,Shoes,Gucci,Yellow,440.79,"Tend stage account whether nature option affect. Whole among race include learn many.
Catch take maybe Mrs general. Create fish hard future skill forget produce. History likely western under."
175,Dress,Zara,Green,317.75,"Tonight result feel old husband especially.
Cell see movie quality from impact. State imagine war contain great style."
176,Shirt,Nike,Black,453.51,Among model most total call few trouble poor. Drive shake power leave. Girl nation likely similar my play early. Policy for customer teacher their.
177,Shoes,H&M,Yellow,311.88,"Participant question where each. Suddenly soon low girl wonder star.
Political personal deep plan none. Month with miss officer toward discuss."
178,Shirt,Prada,Black,63.68,"Fill only check one. Either student best pretty.
Poor your positive. Second class dark lot issue boy though. Spring why place color officer what will second."
179,Shirt,Adidas,Red,266.71,"Wide collection build range road. Production dark against itself.
Travel investment important bring trip want majority. Provide here full morning black. Lead compare agreement."
180,Shoes,Prada,Blue,433.93,"Budget hair quickly center line find. Possible food garden case catch see talk entire.
Protect important figure week option. Seven thought parent morning type great stand. Writer forget relate keep."
181,Accessories,Gucci,White,240.49,Because tonight evidence turn any. Huge for quickly teach.
182,Dress,H&M,Red,143.96,"For more simply candidate police name our. Always agency note test key laugh structure.
Administration reflect road final itself go raise. Agree operation ever suggest PM all. Least kind bank."
183,Accessories,H&M,Yellow,256.46,Discover voice simply store. Rest feel perform be increase course. Sit tax someone ready sense society become western.
184,Accessories,Prada,Black,298.23,"Relate my save fill phone cover. Purpose professional there author reason become while radio.
Office agreement nothing season imagine though. Name education line parent leg role single."
185,Pants,Nike,Red,240.86,Live trade bring. Case owner bring cover role box. Final seek only. Build allow local effect federal.
186,Pants,Prada,White,107.3,"Night interest red name soldier increase. Hotel head discussion paper plant. Long major effect poor care late leader.
Take would yet reveal fear risk. Stock majority current able fast design."
187,Dress,Nike,Black,267.31,"Site expert professional role pressure choice. Agent list reach region final TV.
Contain clearly about growth. Relate according marriage inside argue turn pick. Serious role fact many."
188,Shirt,Gucci,Blue,127.45,Significant imagine nearly red soon recently behind assume. Describe fund paper family this type. Trip authority American pressure east series.
189,Accessories,Gucci,Blue,153.72,"Staff reach five hundred offer summer almost about. Spring rise public couple dream perform. Group single career voice serve resource.
With spend contain clearly really reach."
190,Accessories,Prada,Green,283.38,"Nearly family medical great everyone strong. Special resource beat size whatever hope last.
Brother affect hold month. Church fine her less almost."
191,Accessories,Zara,White,119.04,Might PM hotel loss meet. Early interview ball down summer pattern.
192,Shirt,Zara,Yellow,178.45,"Per college finally figure plant bring face. Population ready wear charge fish. Whom contain share process later act blood her.
Somebody evidence rather memory. Full raise without me."
193,Pants,Zara,Blue,403.72,Drug break war for building late somebody. They couple life. To short individual media chair.
194,Dress,Prada,Yellow,95.35,"Official either fall here hair stay above. Tough left film media medical great son common.
Lawyer whole later fish ahead car recently of. Understand wrong idea."
195,Accessories,Zara,Blue,436.78,Available art subject might low improve military. Operation require road smile.
196,Dress,Nike,Green,493.4,Test year future position maybe realize. Job buy member really recently. Down stay game structure.
197,Shirt,Adidas,Yellow,242.02,"Room partner laugh size late southern rise. Likely size sense fire conference public. Energy likely technology.
In safe hit speak by would travel. Become miss site agent focus loss cultural."
198,Accessories,H&M,Yellow,90.91,Modern material detail mention perhaps real thank they. Medical admit series among.
199,Pants,Nike,Yellow,379.82,"Arm fear scientist early same manage figure. Oil forward country body too. Behavior rock off.
Air TV tend end case. That need management some. Imagine station hospital we choose prevent."
200,Shoes,Gucci,Blue,234.76,"Matter picture control lose later list election cut. Agent science bank require unit ground.
Seat evening bag get lead sometimes far through. Small clearly fund travel."
201,Pants,Nike,Red,373.95,Personal likely movement career. On safe candidate them husband sing else run. Enough evidence never office reduce human.
202,Shoes,H&M,Red,423.54,"Office free lot research compare year. Care commercial strong throughout.
Marriage among natural player thing. Window now peace once."
203,Shirt,Prada,White,131.94,"Understand shoulder concern happy commercial top.
Safe future mouth think compare he fill.
Democratic president forget meet beat help."
204,Accessories,Adidas,Red,345.97,"Here how thing teacher pull.
Exactly stock soon although. Realize note dream. Another author somebody executive game beyond evening."
205,Pants,Zara,Green,250.2,"Represent outside wind feeling with.
Movie president yet summer institution under. Career interview state central child. Sport practice else really all child."
206,Shoes,Prada,Blue,287.72,Song subject shoulder everything north call simply form. Argue realize southern air study. Let alone bit science detail local. Student within before my career.
207,Dress,Adidas,Black,201.81,"Friend single note national a region I put. Risk enjoy pick natural.
Enjoy brother president size describe go civil. Record capital happy almost."
208,Accessories,Prada,White,330.04,"None full poor teach understand feel enjoy. Fire road call still rather. Bag assume arm big his world test. Economic everybody wonder our education.
And consumer allow guess."
209,Shirt,Nike,Black,493.53,"Start stage subject executive include stock science either.
As figure gas station scientist land bring. Sell either management test can.
Religious travel room low series. Firm big wish relate board."
210,Accessories,Zara,Red,23.62,Often detail how two. Human step institution price national hold pick. Add wall hold ever agreement seven.
211,Accessories,Prada,Yellow,138.06,Father dream prepare suggest cover. Which reveal own color scientist effect decide. Wish policy vote eye so mother.
212,Shoes,Prada,Black,62.19,Seem total office themselves work. Number rest maintain assume do fly create. Recognize arrive car.
213,Dress,Nike,Black,28.76,"Safe deal health public no head. Short alone service end such husband while. Resource big she you.
Better old plant. Situation like point spring."
214,Accessories,Adidas,Yellow,210.97,"Man ten control design pick network. Open fall herself.
Everyone none concern. Development part machine notice new include."
215,Shoes,Nike,White,22.54,"Direction east speech onto. Low none speak. Trial next doctor toward care tough office bring.
If talk kid bill buy thought center. Old wait environment during purpose I player."
216,Dress,Prada,Yellow,340.95,"Skill give gas recently city. Very energy half style.
Cut vote role enter dream officer teacher.
Yet especially worry clearly language. Occur police staff understand gun."
217,Dress,H&M,Black,294.37,"Friend though simply. Collection among success there above economy red.
International toward after present wish air. Important at yourself."
218,Pants,Gucci,White,118.44,If too interview different nearly administration. True bill name toward long building go. Few better bank let.
219,Shirt,Prada,White,224.21,"Win rule window physical drug really. Strategy billion any hotel wish around story.
Little give blue our technology. Successful small break environment often red consumer interest."
220,Dress,Adidas,Red,274.32,Behind nice prevent animal special safe course. Apply gas image thought help. Mr nice call ball finish anything exactly.
221,Dress,H&M,Yellow,158.54,Approach phone meeting somebody deep station. Change vote me memory create per. Dinner camera part future history coach project exist.
222,Accessories,Prada,Black,467.37,"Firm theory detail gun bed friend everyone. Month leave have herself bit store finally peace.
Course little common Republican Democrat. Concern throughout effort stop and."
223,Accessories,Nike,Black,44.88,"Easy she past someone. Box experience window kid form likely on.
Capital put result turn talk. Government example though again. Ready ok leg every expert every."
224,Shirt,H&M,Green,50.42,"Including source whatever adult our. Discuss lose thank and recently city poor. Company pull federal president.
Life until speech. Indeed we play sure. Full measure join beat court base market."
225,Shoes,H&M,Green,348.59,"Ten almost campaign or. Wonder expect environmental score no. Manager once be green ability various.
True never point own. Trouble experience instead you."
226,Shoes,Zara,Green,21.3,Use every make how. Must door stay option. Its forget ok social moment garden smile.
227,Dress,Nike,Yellow,217.68,Simple never music family just anyone drug level. Right oil special environment special PM wonder like.
228,Dress,Gucci,Yellow,378.07,Score nice budget across subject expect pressure. Agency social so north build quickly book.
229,Shirt,Prada,Green,370.82,Along to always seat certain talk. Anyone agent police down camera mind young.
230,Dress,H&M,White,202.03,"Road by deep star. Approach cold happy point policy artist around. Kind body million account might season likely.
Might nor success way four little gun."
231,Dress,Prada,White,424.08,"Offer serious court enter including tree challenge. Stage respond everybody might.
Factor hair magazine prove consider. A speech blue oil experience."
232,Pants,Zara,Green,116.78,"Modern everyone college coach detail media street.
Important want employee hot. Social write west professor. City around human along industry."
233,Pants,Gucci,Green,411.0,"Far near them on whether system. Win such as science century rule effect. Alone although scientist senior price history.
Discover on research air. Avoid campaign money."
234,Pants,Prada,Blue,455.78,"Indeed east should relationship cut weight. Never center within where.
Chance piece back. Toward executive part.
Western occur than popular able ok interview. Forget federal rich figure decide."
235,Dress,Gucci,Blue,208.37,"Report black writer which. Key suffer clear city purpose.
Baby game material situation forget investment. Choose third beautiful play phone."
236,Pants,Gucci,Yellow,279.09,"Issue character window. Nature discussion production wife.
Building her shoulder table. Simple myself image. Executive long draw full."
237,Dress,Zara,Red,451.8,"Wonder cold the once those test. Region throw car consider agent.
Office state resource. Decide could clearly just with a."
238,Shirt,Prada,Green,455.11,"Me agency front possible. Price training policy network edge later. Million most race team share middle administration.
Way soldier population where."
239,Pants,Nike,Yellow,471.12,"Food beat collection culture his. Reflect gas into this available loss.
Role small Congress alone drug why. We where may leave event ever ten. Analysis some commercial."
240,Pants,H&M,White,401.13,"Painting stock party successful major unit tend. Community Democrat believe fact phone section.
Thought floor stage share thing unit. Approach forget leg land. Analysis first cup help teacher."
241,Accessories,Zara,White,375.9,Trade without probably dog garden agency character. Report population water half.
242,Pants,Adidas,Green,92.8,Sure summer true thousand either. Rise middle poor. Unit clear reality drive.
243,Dress,Gucci,Green,393.71,"Right great either point. High bank involve happen seem. People poor both security college our.
Sing yourself business sign natural garden very. Tonight become produce guess compare."
244,Dress,Prada,White,293.55,"Send full next. Provide front firm. Message team song ball effort evidence determine.
Five beyond main box. Such situation easy team manager tend expect apply."
245,Shirt,Gucci,Black,382.22,"Blood good between up great. Require from clearly question goal avoid.
Ask speech gas we include real. History against expert watch. Political seem character where game."
246,Accessories,Adidas,Green,81.19,Low argue under cover social eye. Minute within front not catch worker store. Less no pick become.
247,Accessories,Gucci,Green,130.04,"Plant economy action kitchen. Herself officer measure million against fall. Test send ever southern management high top.
Sister style let almost out step now."
248,Shoes,Gucci,Blue,25.86,"Traditional may use military religious. Anyone quality region its blood event. Leave imagine decide us art.
Measure chance hair thought instead make easy."
249,Pants,Nike,White,280.51,"Possible its economy economy. Inside site up. Various too another material big hospital.
Writer among level possible. Modern improve win most entire. Throw with sister somebody hot."
250,Pants,Nike,Green,416.86,Leave most ability picture. Suddenly control discussion my natural health. Drug start offer heavy. Popular good training change choice.
251,Shirt,Prada,Yellow,212.41,"Keep north she. Different next computer Mr know product once. Feeling card grow sort only spring into.
Nation education build two board form. Time which network."
252,Shirt,Prada,Black,93.61,"None myself art Democrat issue note. Property read Republican effort large. Government writer with campaign stand machine no.
Expect network blood soon. Prove story cover indicate."
253,Accessories,Prada,Blue,313.5,"Represent unit wait rate behavior star. Ability person center.
Marriage American bill ever. Various page theory appear language."
254,Shoes,Nike,White,69.06,Social rock finally those management. At after agreement simply word town. Themselves learn camera option behind.
255,Shoes,Gucci,Green,359.47,Move true wife face. Training pick wonder environment forward continue event. Federal institution laugh worker paper any until.
256,Shirt,Zara,White,199.73,"Summer production shake analysis word language network around. Science soon might impact buy it. Cell serve you effect.
Player response kind. Discover energy character say social stock."
257,Dress,Prada,Black,373.49,"Chance name usually bank health store so. Material painting difficult draw often learn. Make staff movement.
Also behavior walk guess Congress. Work man let produce read."
258,Dress,Prada,Black,236.4,Fill much big hour consider himself and. Major little director article. Either toward wear four order analysis.
259,Accessories,Gucci,Blue,422.67,"Rich cost policy. Serve car simple provide. Tough account see pick big deal.
Call action hour call physical tonight his. Hot develop minute body. Key scientist a teacher tonight idea standard yeah."
260,Dress,Zara,Yellow,269.04,"Court game election top site consumer decision above. Tough even middle.
Approach decade future. Color determine cut outside. Sound go ground."
261,Accessories,Zara,Green,180.89,"About which write music shoulder should happy. Decade early successful mouth student home my.
Account cause business hand case late easy. Hotel color gas development color word."
262,Shoes,Zara,Green,309.79,"Near born home design activity option professional. Store cultural beat process enter.
Generation this whether region upon practice have. Machine building thousand development girl how drive later."
263,Pants,Adidas,Red,434.49,"Tax positive late conference help social. Anything media offer similar get mother several.
Foot name leave outside music. Ground radio tend political."
264,Shirt,H&M,Black,374.0,"Resource recent practice. Democrat meet according with.
Approach pattern pretty. Loss not institution including behind care already. Member decision top per candidate."
265,Dress,Nike,Black,237.17,Inside nor cover nearly difficult. Born resource character myself or city only. Finish require wrong ask election discover program.
266,Pants,Prada,Red,259.22,Citizen last industry in very. Story these finish study positive task share. Democratic baby significant edge town that recognize. World treat need car.
267,Accessories,Zara,Red,394.64,Pretty education wonder best guess field. Paper structure exist field soldier either for. Finish building fish their direction attention area.
268,Pants,Prada,Blue,26.29,"Force person letter product nor cost. Defense analysis dinner somebody run system stuff. Large expert east yeah.
This ago teacher their hit north country. Wide few process itself inside."
269,Accessories,Zara,Red,481.31,Fire focus size world camera black. Another training this fear manager share hot. Property how kid student society parent analysis rather.
270,Dress,Adidas,Yellow,433.1,"Fly style reason fire. Soldier time either just growth southern. Statement central purpose guy.
Rate explain fact tonight operation nothing. Article get staff push career."
271,Accessories,Zara,Red,168.77,"Red ask identify apply hand least third. Born after believe stay receive. Until seat deep right.
New almost within kind trouble hold discuss skill. Say life who cultural realize say."
272,Pants,Nike,Black,187.71,Purpose sure choice center leg leave. Detail development trip least above loss adult. Culture girl marriage.
273,Accessories,Zara,Green,201.31,"People firm talk. Car measure financial.
Mission movement add everything Mr. Gas remember pretty."
274,Pants,H&M,Red,392.25,"Painting short perform likely way reason now. Notice movement dog provide believe can myself.
Employee sure hand return land. Suggest word me movement picture all."
275,Shirt,H&M,Yellow,231.57,"Heavy factor responsibility lead. These probably side line measure western hot different.
Call approach receive. Air increase task sort physical. Foreign individual office course."
276,Shirt,Prada,Yellow,387.37,"Economy home possible officer season dinner cut.
Likely expert activity pass structure she. Trip reality reason send draw. But watch bank use."
277,Shoes,Zara,Green,56.24,"Oil just road morning decision catch alone. Deal coach senior form miss prove.
Control system bank trouble likely example. Accept north step suddenly call. Before war last citizen."
278,Pants,H&M,Blue,450.77,"Ever various finally activity option rock could. Card walk purpose. Provide keep indicate pay product.
Religious nearly hope peace we. Exactly of edge organization one fact will."
279,Shirt,Adidas,Red,32.19,Side take for method thus. Property ask close begin physical deal. Top surface right statement job dream.
280,Shoes,H&M,Green,215.83,"Amount successful perform appear evidence scientist. Skin true plan actually. Baby on more push from bit.
Gun believe well medical professional ahead among. Republican fund morning message."
281,Dress,Nike,Black,262.64,"Child through forget window. Set try hair peace claim cost. Enough grow case trade.
Would art yourself oil. Detail I thus."
282,Dress,Gucci,Black,445.98,Choose reduce sing from collection strategy. Difficult media discuss animal able clearly. Generation moment weight myself class child degree.
283,Shoes,H&M,Black,136.72,Establish scene pull together else myself. Girl nation lead cause. Hit in nor seat half accept.
284,Pants,Adidas,White,340.68,"Contain save must. Interview indeed these image establish any. Very matter theory how.
Her husband painting wind movie avoid throughout establish. Term organization yard on day."
285,Accessories,Prada,Blue,26.24,Within likely maintain year short investment parent. Great left impact specific.
286,Dress,Gucci,Black,78.93,"However expect decade sea. Give treatment quite doctor situation kid product. Key painting machine culture. Wear speech they five that unit lot.
Have age traditional accept. Pressure evidence almost."
287,Pants,Adidas,Green,222.28,"Suddenly dinner time two body. Participant ago character their over. Region record number case foot. Leg whether smile finally.
Guy material impact energy price."
288,Shirt,Zara,Green,184.07,Sit close candidate direction create job. Drive back piece indeed involve energy program. Hospital woman still budget despite carry ground whether.
289,Shirt,H&M,Black,303.34,Work loss race black bit door star set. Sort investment job stage. Foreign imagine perform across station top.
290,Shoes,Adidas,Green,185.69,Strategy instead instead hand think easy. Others wait compare machine prepare fill. Evidence now style way kitchen program.
291,Dress,H&M,Green,161.34,"War they require recently stand hold company. Deep open wall art mention home that real.
Look charge rule. Brother others cause over main. Company nation home final."
292,Shoes,H&M,Yellow,394.28,"Ahead brother five just child part ready. Executive rule source. Too name activity local top in.
Near but vote radio religious same. Standard thing season trouble together guy each."
293,Dress,H&M,Yellow,253.97,"Pass room result study short amount leg.
Star ball understand seek radio. Talk statement condition. Responsibility forget former both treat cup."
294,Dress,H&M,Black,265.98,"Military score realize over. Address who laugh century prevent line. Or rock beat two.
Receive concern meet might. Clearly perhaps service. Second establish gun practice anything sure executive."
295,Dress,H&M,Green,213.22,"Short gas radio. Understand quite class tax little week.
Trial nor about deep personal. Enough common someone service behind art."
296,Dress,Prada,Yellow,420.77,"Thank rather same people job.
Today one system head member. Small fund less. Wear cause why hot back both.
Edge market physical country painting. Story these guy present simple account."
297,Shoes,H&M,Blue,452.27,"Space cover shoulder over thing. Event create reach less argue. Next free eye.
Draw dream agency step. Structure social along receive. Score top series source money."
298,Shirt,Gucci,Black,414.84,"Inside edge cause likely. Available visit ability wrong.
Section citizen through those ten born truth. Model feel century treatment white section. Big student least beyond."
299,Accessories,H&M,White,259.08,"Campaign home keep international record soldier allow could. Lose ball religious position career wall.
Force expect cold democratic. Challenge will art."
300,Shirt,Zara,Green,332.68,Management listen common stop account approach. Room sense central American expert hotel add. Billion bad industry degree without base.
301,Shirt,Adidas,Green,25.28,"Send position customer less often. Be say decade middle build class.
Against garden daughter answer radio. Magazine girl energy increase town financial. Over south senior drive since himself sister."
302,Accessories,Nike,Red,147.92,"Than meet around draw personal management offer land. Write hot physical use senior.
Maybe recently catch little where soon. Poor security so specific education whole."
303,Pants,H&M,White,323.89,"Student successful message win. Run southern art which change.
So question form kitchen return. Type national save Mr already.
Produce most fly usually significant film century design."
304,Accessories,H&M,Green,422.29,Happen guess effort herself marriage statement. Account rock picture beyond turn real debate. Right crime investment within ready until.
305,Accessories,Adidas,Yellow,269.08,"Recently join peace from you. Outside green social response season meet line respond.
Near sing huge enjoy movement. Kid thing decade administration. Against area rather nation worry young."
306,Shirt,Adidas,Yellow,374.26,"Vote family notice watch nation.
Throw everything material human serious on. How pull letter keep box response or open.
Local key stuff accept fall. However never administration myself way."
307,Pants,Gucci,White,390.07,"Significant perhaps light move. Miss task building property as.
Parent perhaps reach here side look. Pull energy after."
308,Accessories,Gucci,Black,158.57,Stock half fill relationship fund cover really. Send mouth she feel respond beautiful. Sea pass best wall pick remember surface suddenly.
309,Shoes,Zara,Black,162.62,"Baby town nothing standard foot. Speak above sport watch newspaper figure ok.
Move top class window argue enough. Inside address lot a first dark."
310,Pants,Prada,Blue,210.39,There game generation very soon. Wish about great scene message. Firm gun building fish.
311,Accessories,Zara,Blue,34.97,"Rise candidate western serious area. Race day center long hundred. Computer soldier shoulder each loss.
Leader up hair interest night town. Happen feel body science."
312,Shoes,Nike,Black,423.93,"Suddenly Congress place anything act someone change yes. Set one might part time.
Realize hour use party cup set Democrat.
Prepare group finish. Billion consumer citizen any. Enough tell item."
313,Dress,Prada,Black,306.48,Knowledge face financial sometimes while energy write. Fire interest wait business help near. Stop model evening amount within.
314,Shirt,Zara,Blue,247.63,Party southern various whatever throw. Significant again window candidate amount phone. Fire field thank next husband myself all dark.
315,Dress,Zara,Red,218.14,"Receive leg find stay only generation technology. Remain without get green community. Report wife rich true and check food name.
Policy positive either. Mean form win else.
During trip look way."
316,Accessories,Nike,Blue,240.65,"Kid resource rather late. Involve process avoid understand.
Increase newspaper although drug husband item. Opportunity society activity call once discussion environment."
317,Pants,Nike,Blue,403.72,Of strong health join difficult. Line certain customer wall seat collection ready. Inside she wonder still line next budget. Energy determine line choose.
318,Shoes,Nike,Yellow,22.52,Blood record usually goal. Property management fall country response issue century somebody. Speech spring letter campaign response.
319,Shoes,Nike,Green,63.96,Thank nothing authority third way around tonight. One customer allow foreign.
320,Pants,Zara,Green,399.21,"Share decision off do. Very future politics big. Doctor easy food share. Film which plan left lay.
Seven need price north offer through fall rock. Sure itself kitchen cut network heart prepare."
321,Dress,Zara,White,280.11,Mission need most food. Appear story even need collection keep spring. Hundred first meet knowledge suffer agent.
322,Pants,Gucci,Red,336.22,Answer foreign stage beautiful prove direction. Discover style education what particular federal. How from in miss maintain daughter.
323,Dress,H&M,Red,330.4,Car foot pressure hour. Race notice reveal history foreign watch. Kid glass different country four size general.
324,Pants,H&M,Red,473.15,Adult media blue number finish into. Catch keep very stock. Possible near effect read guy happy question speak.
325,Shirt,Zara,Blue,292.61,Many force able sister media. Left seek by history player light.
326,Shirt,Prada,Green,370.89,Add language stock go. Surface dinner south relationship.
327,Pants,H&M,Black,473.25,"Send every you grow. Product brother treatment matter political. Travel may sense rate thing.
Improve place call speak case cultural past. Agree teacher at use. Whom yourself truth after."
328,Shirt,Prada,White,425.38,On study you. Artist old difficult perform history happy. Take recognize television left sell. War painting ball.
329,Shirt,Nike,Blue,329.38,"Could name ago page theory central plan majority. Grow lead consumer film possible.
Act send stuff thus person by. Change close season mission fall term."
330,Pants,Adidas,White,250.91,"Need apply executive my. Economy interest yourself true manager score often.
Everything imagine interesting health. He last wonder well. Letter this realize fund."
331,Pants,Gucci,Black,183.14,"Nation hour treatment continue news safe. Different inside vote first administration government performance see. Section same score because remain.
Other under their item. Rise control individual."
332,Shoes,Zara,White,399.55,Read player former little authority. Bad experience always some stage alone training.
333,Dress,Gucci,Blue,269.68,Manager draw audience stage since case medical. Daughter threat city assume commercial quickly as. Over whom together may.
334,Accessories,H&M,White,131.82,"Power debate everyone truth up fly my important.
True enough lawyer community price really. Man well national study side practice step.
Power cost mouth miss next."
335,Pants,H&M,Blue,30.21,"Lawyer total chance candidate. Boy myself much grow card each. Like leave level remain.
Lawyer structure customer man power."
336,Accessories,Gucci,Blue,470.75,"Job western that father agree smile. General idea run each then rest situation.
Challenge require else recently. State nor up. Approach use personal create."
337,Pants,Nike,Yellow,188.34,"Kind anything natural bit bill institution. Get firm important series child follow. College thousand piece. Job total news against challenge manager.
Manager international cup image enjoy happen."
338,Dress,Gucci,Yellow,250.34,"Break company spring night country perhaps. Role politics fill card statement.
Including money power important whose want. Build raise feel consumer car blood conference."
339,Dress,Adidas,Red,388.77,"Later gun hotel economy street. Garden sea fear her draw oil someone have. Head method affect both. Personal change try begin could feeling after.
Meet event week support. Require much study hot."
340,Dress,Adidas,Green,371.49,Different analysis office young computer. Security family former woman add natural address. Follow choice easy physical country receive glass present.
341,Dress,Nike,Green,190.22,"Day section front help no.
Require start fill wide. Argue certain far. Item instead hundred include.
Many arrive marriage husband. Total be amount civil. Friend chance wrong argue buy."
342,Shirt,Adidas,Blue,132.13,"Example only expert end player music ok. A hundred type which throw. Girl policy fact.
South down almost commercial. Even thus memory consider free. Price image where mean forget woman toward claim."
343,Dress,Zara,Green,494.11,Pay job staff have candidate job action. Trouble race something appear inside PM. Article measure leader until work treatment.
344,Dress,Zara,Red,346.23,Interview hope buy. Mission person enjoy tax something later. Point if husband know.
345,Shoes,Nike,Blue,403.03,Food those thank dog. Else decision product picture serve. Scene sound see goal me offer culture.
346,Accessories,Nike,White,220.44,"Care decision floor tell everything fund. Later grow project because central.
Either generation plant glass again consumer. Cause season public for media sister international exist."
347,Pants,Prada,Green,494.81,"Your food no police charge. Less nothing manager pay.
Why understand doctor process up inside once. Set tell staff race become. Poor window subject marriage life message maintain."
348,Shoes,Adidas,Black,212.76,"Who season mention girl. Clear scene to. Guess imagine all role growth. Military think human rate during your back.
Yet together often visit well term build. Side traditional develop."
349,Accessories,Prada,Green,418.71,"Company again situation apply letter represent you.
Price water serve song soon wear. Republican single remember trip mean generation. Lose artist none strategy amount."
350,Shirt,Nike,Blue,204.36,Deal treat pay state start reduce. Everyone world support speak sound imagine effect. Natural people early. Change catch draw bank.
351,Dress,Zara,Blue,394.2,"Road rise executive economy mission. Week system government.
Send hundred understand appear home light wind. Social rule recent series. Sure several assume process."
352,Accessories,Gucci,Yellow,485.17,"That sense oil allow investment hair fire yeah. Hair allow reflect television situation whether.
Military employee tell see tree. Thought particularly boy."
353,Dress,Zara,Black,306.69,"Around somebody on brother will rich. Nature note age order.
Place system could increase garden add. Believe eye they available least police arm."
354,Dress,Gucci,Black,210.2,Build service spring interview somebody task reduce push. Herself current head past remain pressure. Pass build simply interest theory goal if.
355,Shirt,H&M,Yellow,498.24,See question book man short tonight low. Product suffer debate human. Garden occur message.
356,Pants,Nike,Yellow,319.01,"Understand like future deep then. Myself month include inside. Day probably because.
Kind week now democratic low can. Oil visit beautiful individual."
357,Accessories,Zara,Red,449.56,Room strong world movement discover name shoulder power. Check suggest final team film indeed. Leader by mother Democrat budget concern we attack.
358,Accessories,H&M,Black,441.18,Training their daughter officer responsibility in mission. Smile call can develop exactly.
359,Pants,Nike,White,248.8,"Pull himself upon north.
Social itself even forget ground physical. Stock seven thus. Above maybe sell others prepare share role. Sure end anything movie listen pass suddenly."
360,Pants,Zara,Blue,433.82,"Although year newspaper many maintain election.
Authority second great skin crime. Fall party focus establish street produce. Others control health to amount garden sure."
361,Dress,Zara,Green,372.9,Child bill girl hold east scientist black. Sign want policy production responsibility several level.
362,Shirt,Adidas,Yellow,144.68,Exist training sure speak. General miss marriage wide professional. Method talk current without.
363,Accessories,H&M,Blue,58.9,Mention administration see address. Option someone beyond city indicate performance theory fine.
364,Shoes,Gucci,White,56.54,"Culture pick subject arrive. Six toward watch change some red church.
Career sing present. Play may cell talk. Marriage student building interview attention color."
365,Dress,H&M,Green,250.68,Read reflect into wife community teach if. Line change small always movement industry. Green generation through manage loss certainly economic.
366,Accessories,Nike,Blue,294.23,Present discussion son chair anyone. Word investment not fight something. Enough clearly whatever party long he program city.
367,Shirt,Nike,Green,148.17,Main responsibility decide them one. Exist here system sell when his half. Why even finally today when street tell.
368,Pants,Adidas,Red,95.52,Crime coach tonight. Sign grow history meeting third open amount say. Pass window if.
369,Dress,Gucci,Black,134.57,"Billion strong mouth performance leader. Energy much may take admit serve.
Development air health process. Start concern but do behind evening. Tree method form front space blue trouble and."
370,Accessories,H&M,White,316.93,"Success direction leg ok.
Inside author age gun short anything per. Eight research carry police bring generation. Boy ready likely window."
371,Shoes,Gucci,Black,481.43,Two art technology thought. First sure drop in how despite. Real him book standard piece.
372,Dress,Nike,Blue,81.86,"Talk star bed entire they truth reflect. Easy heart score paper design force.
Television play when then under but. Wife peace whether work man."
373,Pants,Gucci,Yellow,456.18,Pm later model boy employee program. Time morning today authority ago Mrs present.
374,Shirt,Adidas,Blue,419.42,Any stand us. Learn hour send. Memory natural financial whole left than network.
375,Accessories,Adidas,Blue,157.78,Cut necessary student bar imagine technology. Food structure really ask win.
376,Pants,Zara,Red,323.27,Leader husband threat step debate piece. Miss between blood health answer world sing. Toward low former marriage consider affect matter.
377,Shirt,Adidas,Green,394.33,Water across letter nor back protect. Appear stay product general occur resource.
378,Pants,Prada,Blue,227.48,"Keep could oil.
Bank fine member crime after. The bag already Congress.
Summer cause figure side. Carry people strong too cell land. Western statement actually head character discuss red."
379,Shirt,Adidas,White,106.16,"Wait society section enjoy.
Edge mention shake apply. Not sign party truth always support. Ground Democrat better system."
380,Accessories,Gucci,Yellow,469.87,"High agreement administration school hair. Size lay discover activity in. Toward water condition summer bank.
Shoulder few seat teach sound."
381,Shoes,H&M,White,164.46,Adult class early deep old statement service. Decade theory walk page organization by. Perhaps film one debate full indeed television court. Low general bank management contain wall.
382,Dress,Adidas,Yellow,360.11,"Have left defense discussion only without which debate. Rather thought heavy community out.
Serious minute realize notice organization. Wrong decade finish name. And couple week."
383,Dress,Prada,Blue,55.85,Apply day property stock clear energy carry. Than new speak finish available song chair. Between program too impact picture your officer.
384,Shirt,H&M,Yellow,487.27,"Forget quite north laugh positive his product. College gas against together somebody start. Well forward wall executive.
Street matter stop place paper month. Than buy remain thing cut."
385,Accessories,Adidas,White,330.84,"System especially suffer worry individual. Pretty hour church will situation nothing. Too threat baby life attack space.
Although develop memory place. Step rather measure industry bill drop."
386,Shoes,Gucci,White,31.8,Lay within she network pressure number morning police. Either wide south as young relationship. Himself analysis significant.
387,Pants,Zara,Yellow,198.48,Civil similar itself cost condition. Such four real bank. Similar late most society hard else five.
388,Pants,Nike,Blue,20.49,"Tv degree whatever apply listen nothing. Figure when set appear fight level plant area. Heavy face result brother.
Enjoy outside fine executive put painting technology."
389,Shirt,Prada,Blue,498.62,Visit his day imagine book. State reality able student manager especially letter. Mention environment institution ten perhaps lead open. Personal create up general everybody walk send.
390,Dress,Nike,Green,430.02,"Long garden alone one. Machine research try institution less quality agreement.
Fund knowledge peace get mouth stop. Oil day ahead assume along today."
391,Accessories,Gucci,Black,125.97,"Plan look meet visit offer no. Fight feeling each area song our.
Town data plant difference somebody green. Compare interesting land yeah live only. Director amount different lay."
392,Shirt,Prada,White,334.17,"College south yet eat. Act family fight always. Green book everything already.
Bank simply peace onto. Value only ground measure letter. Sound physical fund successful treatment beautiful hear."
393,Pants,Nike,Red,482.35,Positive act trade experience economy. Yes Democrat pass deal just. Professor marriage control. Do nice argue debate character.
394,Shoes,Gucci,Green,456.57,"Prevent story action sing list blood analysis. Analysis only friend send yard debate.
Fall movie growth minute as consider. Message rest according.
Service direction thank just. Station I put board."
395,Accessories,Nike,White,210.85,"Detail no mission expect. Whose process memory head.
Group catch take this. Point these whatever form animal toward. Card attorney address so."
396,Dress,Gucci,Black,169.74,"New might while green source. Two most third never.
Measure decision strategy method author other manager as. Understand sort production someone. Travel series always view relate."
397,Shirt,Adidas,Yellow,130.38,Key design yet professional clearly course hot. None team ahead population head people accept.
398,Accessories,Nike,Red,332.8,"Catch special whether stay collection feel board knowledge.
Production really indeed seek government. Character every remain meeting image effect."
399,Shoes,H&M,White,247.14,"Sort event brother industry black different expert.
Marriage thank feeling majority with hand. Develop hard place soon. Board or similar series."
400,Shoes,Prada,Red,436.94,"That plant authority guy.
Top pick see them experience through. Case bring thing green.
Conference north employee phone school accept. Add rock new make. Until with cell structure data who."
401,Accessories,Nike,Yellow,274.57,"Job serve him grow rather. Enough institution past million talk though me site.
Last what part democratic. Before provide population goal."
402,Pants,Gucci,White,35.61,"Individual eight participant attention. Mr recent boy figure though room between.
Back true ground reason clear. Including future as person base believe standard."
403,Shoes,H&M,Black,109.02,"None on environment help change several. Full foreign whose continue.
Data camera art out relationship fly apply. Box which operation model try court. However fly point before."
404,Dress,Prada,Yellow,307.2,Per support growth rate least sign who. Poor physical country pay perform Congress audience amount. Movie defense buy pay try firm technology.
405,Shoes,Adidas,White,288.04,"Treat do four create article. Team soon account order house individual. Term less course piece much.
Team draw party whatever expert environmental. East would church clearly."
406,Dress,Adidas,Yellow,299.35,Anyone line that eye agency clearly stuff. Bar loss ground maintain have difference want.
407,Accessories,H&M,Black,492.49,"Late change feeling rise few land cause. Must involve image two final positive. Because final sea for human school.
Side activity likely likely fly. Appear such suggest go."
408,Dress,Gucci,Blue,346.62,"Media bring then kind.
Individual left huge term. Worker point technology than. Matter box strategy who idea community field."
409,Shirt,Prada,Yellow,160.0,Charge military region mission firm other community. Although return enter side international. Ahead hear challenge notice measure performance herself.
410,Accessories,Zara,Red,477.27,Language help energy else Mrs school. Light push public many see quite. Generation student hope last.
411,Dress,Nike,Yellow,379.6,"Year attack exist may.
Center woman where modern system. Term three include among before. Responsibility kitchen and news."
412,Dress,Zara,White,493.6,Yourself remember administration drop society book various. Quickly add tend report year.
413,Shoes,Adidas,Red,288.63,Pretty door go country talk between. Institution sure yes statement. Conference see reveal price leg.
414,Shirt,Adidas,Red,268.5,"World common second rest second. So or reduce.
Finish put successful student could. Tend performance phone none none senior."
415,Dress,Zara,Green,59.6,"Wife important middle lose. Report company draw prevent program. Majority increase operation tend modern.
Military foot walk school during game involve. Board decade visit me."
416,Accessories,Adidas,Blue,210.52,"Where simply eat around almost somebody play. Box word best onto spring spend.
Standard former play prepare learn life summer. Have for claim understand writer."
417,Shirt,Prada,Blue,350.94,Can every hold page water piece bring. Party paper either church. Move these not simple husband.
418,Shirt,H&M,Blue,100.39,"Heart turn sign help within involve stop. After body two recent company.
Interview ask build exactly prepare send shoulder. Study put their weight green. Win institution need away trip case would."
419,Dress,Nike,Green,359.11,Instead lose himself form mention somebody. Clearly final after admit continue ago. Too task sense.
420,Dress,Prada,Red,44.95,"Sit available option great. Necessary later why black write. Of drug hand.
Station opportunity activity unit maybe product interesting. Suggest better front value idea."
421,Dress,H&M,White,438.07,"Watch toward beyond school. Visit father top girl hear food truth.
Six they series power. Laugh ago something.
Record size voice important upon."
422,Shirt,Adidas,Yellow,396.04,"Every off lead away job while. Certain rock dinner least. Upon per list subject remember language politics.
Whether home around see reduce."
423,Pants,Nike,White,285.44,Industry majority relationship rock chair gun. Think billion majority spring body improve choice. Tonight administration perform pick.
424,Shirt,Prada,Blue,250.83,"Whose lawyer audience but near article find relationship. Fund bank character sell make. Recent choice mother image hope.
Society image TV play bad kitchen. Control he me land majority."
425,Dress,Adidas,Blue,230.53,Group material realize likely. Tell true direction blue loss.
426,Shirt,Prada,White,138.61,"Paper everybody travel.
Culture everybody half sing. Young stock good yet edge network.
Whose short heart relationship power. Capital color magazine pull school purpose newspaper season."
427,Accessories,Zara,Green,315.56,Occur brother scene happy candidate. Imagine material exactly artist not. Agreement get task even focus live until environment.
428,Pants,Prada,White,377.25,"Personal upon size trip. He school society list from end.
You run if morning put. Four rise tell by form throughout child debate."
429,Accessories,Gucci,Black,97.6,"Control this southern money size. West air get toward five suddenly line.
Put himself staff. Study class find else will least prevent but."
430,Shirt,Nike,Yellow,179.51,Program rate heart girl shake other hold. Get run trouble.
431,Dress,Nike,Black,59.13,"Thus democratic various.
Pick action bring different middle skill. Power campaign memory your song. Art seat health century."
432,Pants,Nike,Green,54.66,Service stage floor economy production president charge. Station begin present themselves west stage public. Financial author dog air special street action.
433,Dress,Adidas,Red,436.77,"Family care surface human radio. Newspaper analysis myself make.
Read brother purpose election southern.
Husband detail special. Method real become former good it."
434,Shirt,Gucci,White,321.81,Sell kitchen myself prevent purpose hard interesting. Everything protect century focus begin international the.
435,Shoes,Adidas,Yellow,494.07,"Certain fund develop media himself. Surface morning it cell.
Lay series impact the prove soon collection executive."
436,Shirt,Zara,Black,297.76,"North heavy entire lay blue conference. Dinner find agreement approach form yard song.
Every reveal style. International save enjoy air.
Computer mind area mention."
437,Shoes,H&M,Green,209.85,"Full sport different prepare fly. Right choice example individual already. So bed truth.
Left everyone crime. Mean education firm. Say leg stop crime during. Development mouth past deal."
438,Shoes,H&M,Blue,400.62,State every memory administration station race hold I. Read later each record it ability light. Buy way without of face discover cover friend. Would already none program art single.
439,Shirt,Nike,Black,156.25,"Suddenly together probably including. Huge firm energy recent. Top one phone energy role.
Bank easy much role wish name manage peace. Cut herself dinner statement."
440,Accessories,Adidas,Black,319.02,"More model very whether personal. Compare team appear material role.
Usually kid test understand agreement. Light itself tonight attack third."
441,Accessories,Zara,Black,392.48,"Allow factor may far investment may ready. Second stand discover western century friend own quite.
She action Mrs bring soldier. Resource authority why shake still street plant."
442,Shoes,Prada,Blue,134.02,"State church plant.
Buy before detail four tough. Government which represent sort.
Factor fly campaign indicate late. Food act interest actually century far option. Direction art artist enough."
443,Shirt,Gucci,Green,53.18,"Candidate protect those it sure reveal allow purpose. Career activity only hundred quality whom.
Letter often read build hold tend. Sea early like including wife Congress management."
444,Dress,Prada,Yellow,437.96,"He create heart point. Machine service eat see add hot.
But people word similar social medical. Up little industry people across. Once without leave health such."
445,Dress,Adidas,Blue,65.73,"Then because mind listen standard. Get then kitchen beyond big possible.
Public join near concern experience kid want. Occur or become save enter financial center."
446,Dress,Nike,Red,485.32,Thought information matter call so. Chair go three quality hear discover. Garden far herself necessary Congress especially. Energy standard surface example.
447,Shirt,Nike,Green,24.33,"Of sometimes anyone. Couple source weight keep college school discuss.
Call feel various.
Business left admit buy. Treatment allow all almost political turn. Note style remain argue avoid."
448,Dress,Adidas,White,485.51,"Leader important should trouble whole mission song exist. Concern knowledge get important American green sing.
Skin city author matter list. Respond tonight technology its final perform a."
449,Pants,H&M,Black,232.17,"Hand however their way significant game people. Address even fear go. Garden determine drive seem act I.
Social without public this ahead. Coach minute number consumer. Pressure weight be rule."
450,Shirt,Gucci,Blue,341.31,"South own but rather toward above. World where charge operation both worry government.
Town music surface. Region over power least kitchen every religious. Yourself vote officer southern."
451,Dress,Zara,Green,139.38,Sister local international American everybody camera. Movement me picture.
452,Pants,Adidas,Red,141.21,Score especially himself action. Score garden common understand peace politics. Lose produce strategy agency.
453,Shoes,Adidas,Red,310.66,"Board billion force song behavior affect. Fire population ready.
On white eight former paper of consumer. Project able live."
454,Accessories,Adidas,Green,395.26,"Evening church first next above money. Citizen door use surface any executive.
Color page mean candidate. Enough author market name world almost up daughter."
455,Shoes,Adidas,Yellow,118.8,Recently whether help meeting operation smile program. Debate realize reality church. Wish one position pay necessary. Away financial moment find away.
456,Accessories,Adidas,Blue,493.61,"Bad my financial outside. Floor nice mean word break success my. Win crime administration.
Tv let buy if better push very language. Probably buy base so six wonder firm. Leave leader guy."
457,Dress,Gucci,White,44.81,Amount want hour find window position. Today as apply data three carry surface. Player talk ten word.
458,Dress,Nike,Yellow,106.41,Attorney crime image very. Rise upon difficult early down political. Thing remain employee suddenly whose fish possible name.
459,Pants,Gucci,Red,263.47,"Site result card explain road statement speak.
Class indeed above own daughter effect former. Bit Mrs change condition market represent. Property one candidate serve."
460,Shoes,H&M,White,493.58,"Official sing station sister moment sometimes wonder.
Trouble could religious customer. Moment benefit couple create growth last another type. Mind happen man bar news."
461,Pants,Nike,Yellow,476.87,"Owner too smile local. Consider food training agreement. Board she expect some him ready you.
Example especially gun include total. None great rise leg along. History drive team both my."
462,Shirt,Gucci,Red,298.45,"Most shoulder until. Tonight want single garden. Truth week describe. Rise start place direction.
Lead book house claim feeling seat. Response responsibility pretty low Mrs sit."
463,Pants,H&M,White,275.48,Pretty marriage budget worker spend reflect most. Event project professional. Catch growth as show.
464,Accessories,Adidas,Blue,116.89,"It participant anyone happen data any.
Wonder meeting company likely. Simple space hot instead. Career start window glass open give time."
465,Shirt,Gucci,Red,370.8,Either Mrs glass training born travel true employee. Plan law take goal smile drop keep bit. Along economy human really center. Green what magazine notice morning throughout.
466,Accessories,Prada,Green,482.41,"Necessary prepare fish performance. Live material after spend make pass. Political Congress great gun.
Go less whose none. Still firm film yet billion education."
467,Shirt,Zara,Blue,199.66,Leave who for provide may character against long. Group kitchen game score worry very hair song.
468,Shirt,H&M,Red,418.82,Method list allow everybody community indicate more. Bring available magazine future Mr yard. Fire father defense Democrat it.
469,Dress,Adidas,Black,466.86,"Provide source security pattern bag mother moment. Human president third.
Home reveal show yeah yet his."
470,Shoes,Zara,Red,123.52,"Product structure stand without usually year lay throughout. Grow room along.
About space should anyone rate already no. Beautiful condition detail. Science indicate blue data also."
471,Accessories,Gucci,Red,71.16,Expect response high something machine no process. List performance type. Car sea couple clearly of federal group. Side assume another bank glass face.
472,Shoes,H&M,Blue,310.38,Score ball artist large parent. Alone claim Congress teacher investment pay after a.
473,Dress,Zara,Red,496.8,Word still name put some wear region. Right rock some think TV stuff travel. Friend region open sure best.
474,Accessories,Zara,Green,292.17,Arrive fear individual. Institution you sell by individual break inside reduce. All wide benefit appear region partner.
475,Dress,Nike,White,332.25,Sense site focus everybody structure high season. College loss seat clear economy while again. Recognize once relationship remember join adult represent.
476,Shoes,Prada,Black,407.77,Apply next religious grow center two thus. Condition matter type like live hot.
477,Shirt,Gucci,Red,172.25,"Six drug drug lot red challenge toward. Hold join film ten thank heavy hit suggest.
Over upon eight their whom see."
478,Accessories,Nike,Red,77.7,"Machine claim factor tax. Site represent account.
Pattern pressure camera argue record."
479,Dress,Gucci,Red,195.9,"Along agency act computer. So according number end. Imagine age this interest could cause board.
Mrs development easy little everyone. Parent participant charge bag argue program."
480,Accessories,Nike,White,283.28,"Force better leader authority fast child bit. Activity enough not. Energy together explain part likely.
Mission animal firm civil generation. Member present physical. Measure wide huge imagine goal."
481,Dress,Zara,Red,233.32,"Recognize world unit those truth manager. Friend movie enough. Stuff though shoulder dinner price.
Question account high season or begin. Billion Congress develop whatever control wind long."
482,Shirt,Nike,Black,100.85,Magazine already loss child protect brother. Low drug author save thank effort address. Black whole perhaps feel structure.
483,Shirt,H&M,Yellow,260.21,"Wide month age team action out. Usually adult public response police.
Very guy magazine box cultural industry picture scientist. Positive whose month understand."
484,Accessories,H&M,Blue,250.01,"Watch produce rate. Sure type wide crime street sister stay fund.
Understand program lot impact ok technology. Policy manager with it.
Particular be born information response. He few speech floor."
485,Accessories,Gucci,Blue,72.28,"Soldier try true eat tree someone there. Get stock yeah. Treatment throughout culture would indicate.
Well western view economy dark develop senior."
486,Accessories,H&M,Green,138.11,"Imagine which ten always. Yet imagine doctor pay relationship. Upon reach his work board sign international.
Piece run cut away to."
487,Shoes,Nike,Yellow,378.5,Market measure notice difficult single. Among media firm his push mother.
488,Shoes,Nike,Black,28.75,"Fire cover push according which. Close news occur save there bad.
Exactly whole family clear. Recent realize heart company idea mother. Idea hear top film own without history."
489,Pants,Gucci,White,478.24,"Oil people size across clear painting. Ago on Democrat see get before.
Best president machine upon cost week. Take item say various similar."
490,Shoes,Nike,Black,48.93,"Budget will cover wait PM explain. Crime financial anything choice.
Agreement or term guy. Month whole approach attention why foot. Line federal social above wait."
491,Accessories,Gucci,Yellow,113.39,"Individual soon although within fill she. Must point walk discover. Current economic huge PM democratic.
This what own race line tough support."
492,Accessories,Adidas,Green,156.74,Although change necessary term top effort catch different. Loss society though green want available worry.
493,Pants,Gucci,White,278.8,"There mean second those rate movie. Eat land including.
Like term feeling. Ok share be store understand. Bar their defense media physical but."
494,Shirt,Adidas,Yellow,363.75,Scene imagine shoulder trade well. Community practice third. City lead bill fly mind wife treatment.
495,Dress,Gucci,White,415.12,"Front somebody firm born central film.
Song add data wife yet. Area break administration control despite dream suggest hope.
Level share enough child seven. Lawyer lose girl fish culture environment."
496,Pants,Adidas,Blue,403.89,Both ask listen. Discussion international evidence out operation.
497,Dress,H&M,Green,143.15,Doctor seek everything focus just prove daughter. Produce race real data growth condition.
498,Shoes,Adidas,White,61.78,"Network participant in edge add low. Really executive trip here.
Line commercial trial. Spend fund not increase reach bill detail. Wear certainly crime Mrs surface response how."
499,Dress,Adidas,Green,323.91,"Difference available interest such. Hour record hard chance. Scientist institution major green itself miss.
Staff yard good tree could word beyond soldier. Current American none serve agree."
